id;name;email;mobilenumber;subject;message;reply
1;Shirt Mobility;Sibyl46@yahoo.com;Factors Refined;invoice fault-tolerant;microchip Dynamic invoice;Refined
2;technologies Concrete Investment Account;Murl_Schimmel@gmail.com;Personal Loan Account Checking Account;New York Rustic Checking Account;RSS Canadian Dollar Interactions;reciprocal yellow
3;Jewelery Rustic SQL;Lorenz.Fadel12@hotmail.com;secured line Bedfordshire Manager;Montenegro Mountain systemic;Senior Identity payment;Arizona
4;Oregon Pines;Bonita_Klein@hotmail.com;Clothing yellow;Soap Representative;silver RAM emulation;Plastic
5;Granite responsive;Enoch58@yahoo.com;European Monetary Unit (E.M.U.-6) fuchsia;Pants;Plastic Hat;sticky Iowa collaboration
6;generate ROI Rubber;Garry27@gmail.com;Soap programming;Director Specialist;Generic Supervisor;syndicate Chad back up
7;Manager impactful;Remington.Deckow31@yahoo.com;robust;South Dakota best-of-breed visualize;connect Micronesia backing up;Uzbekistan
8;Enterprise-wide CFP Franc;Camron_Stehr@yahoo.com;Automotive;Buckinghamshire Metrics;Wooden generate;Designer Barbados Dollar Incredible
9;Money Market Account;Orin.Shields88@yahoo.com;streamline maroon Buckinghamshire;Handcrafted Fresh Sausages Music;reinvent Checking Account;Grocery Frozen
10;brand;Alan33@gmail.com;Investor calculate bypassing;Rufiyaa Equatorial Guinea Gorgeous Frozen Soap;azure;connect
