id;user_name;full_name;email;phone_number;joindate;class_number
1;Bedfordshire indigo radical;GB whiteboard;Saige36@hotmail.com;compressing Shoes Frozen;2021-02-26T17:53:14;program
2;bypassing Orchestrator;cross-platform connect Refined;Jeffry73@hotmail.com;Virtual partnerships;2021-02-26T21:50:54;Iowa invoice New Hampshire
3;adapter generate multi-byte;eco-centric even-keeled Money Market Account;Ashtyn_Quigley26@gmail.com;generate Executive;2021-02-26T10:19:36;Uzbekistan Sum
4;Iran;Nevada Usability quantify;Christopher.OConner13@gmail.com;bluetooth array Practical;2021-02-26T23:18:49;wireless dedicated Sports
5;program Legacy;matrix driver;Therese60@hotmail.com;Pre-emptive;2021-02-26T19:08:49;Key system generating
6;collaborative;Pizza Bedfordshire;Benton97@gmail.com;Berkshire;2021-02-26T19:41:54;Central Handmade Fiji Dollar
7;copying deposit;Legacy Garden Regional;Kurt.Friesen@hotmail.com;Human compress Virgin Islands, British;2021-02-27T05:50:48;cross-platform PCI
8;Intranet RAM Ukraine;navigating;Jamie19@hotmail.com;integrated;2021-02-26T12:19:44;infomediaries
9;Massachusetts;1080p;Ferne91@yahoo.com;Grocery;2021-02-26T13:32:22;stable
10;Checking Account Avon Kids;redundant transmitter;Sydni89@gmail.com;Chief;2021-02-26T17:17:55;Health
