id;classlink;link_name;link_description;submit_link
1;Specialist;Internal;Rhode Island Toys frame;Burundi Franc Cotton Georgia
2;24/7;Gloves Samoa;web-enabled Senior GB;Re-contextualized Nepalese Rupee Fully-configurable
3;Kyat;Cote d'Ivoire;compressing wireless;panel application
4;experiences human-resource;olive Marketing;demand-driven optimizing HTTP;International
5;blue e-commerce Consultant;Toys indexing;Berkshire;supply-chains utilisation vertical
6;Technician;Slovenia Future;Auto Loan Account GB Rustic Metal Tuna;national Zimbabwe
7;Chips;Handcrafted Cotton Tuna database District;CSS capability;Rubber Tools Games
8;Tuna Producer;Gorgeous Oregon;online Incredible Pine;bypass
9;redundant;e-services Tuna tan;cyan systems;Mills
10;Implementation;haptic;Re-contextualized;virtual interactive Solomon Islands Dollar
